title_pt;title_en;year;rating;genre;sinopse;sinopse_clean;title_pt_encoded;Cluster
Barbie;Barbie;2023;7.4;Aventura;Viver na Terra da Barbie é ser um ser perfeito em um lugar perfeito. A menos que você tenha uma crise existencial completa. Ou que você seja um Ken.;Viver Terra Barbie perfeito lugar perfeito. A menos crise existencial completa. Ou Ken.;39;8
Um Sonho de Liberdade;1. The Shawshank Redemption;1994;9.3;Drama;Dois homens presos se reúnem ao longo de vários anos, encontrando consolo e eventual redenção através de atos de decência comum.;Dois homens presos reúnem longo vários anos, encontrando consolo eventual redenção através atos decência comum.;236;3
O Poderoso Chefão;2. The Godfather;1972;9.2;Policial;O patriarca idoso de uma dinastia do crime organizado transfere o controle de seu império clandestino para seu filho relutante.;O patriarca idoso dinastia crime organizado transfere controle império clandestino filho relutante.;157;2
Batman: O Cavaleiro das Trevas;3. The Dark Knight;2008;9.0;Ação;Quando a ameaça conhecida como O Coringa surge de seu passado, causa estragos e caos nas pessoas de Gotham. O Cavaleiro das Trevas deve aceitar um dos maiores testes para combater a injustiça.;Quando ameaça conhecida O Coringa surge passado, causa estragos caos pessoas Gotham. O Cavaleiro Trevas deve aceitar maiores testes combater injustiça.;43;7
O Poderoso Chefão II;4. The Godfather Part II;1974;9.0;Policial;Em 1950, Michael Corleone, agora à frente da família, tenta expandir o negócio do crime a Las Vegas, Los Angeles e Cuba. Paralelamente, é revelada a história de Vito Corleone, e de como saiu da Sicília e chegou a Nova Iorque.;Em 1950, Michael Corleone, agora frente família, tenta expandir negócio crime Las Vegas, Los Angeles Cuba. Paralelamente, revelada história Vito Corleone, saiu Sicília chegou Nova Iorque.;158;4
12 Homens e uma Sentença;5. 12 Angry Men;1957;9.0;Policial;O julgamento de um assassinato em Nova Iorque é frustrado por um único membro, cujo ceticismo força o júri a considerar cuidadosamente as evidências antes de dar o veredito.;O julgamento assassinato Nova Iorque frustrado único membro, cujo ceticismo força júri considerar cuidadosamente evidências antes dar veredito.;2;8
A Lista de Schindler;6. Schindler's List;1993;9.0;Biografia;Na Polônia ocupada pelos alemães durante a Segunda Guerra Mundial, o industrial Oskar Schindler começa a ser preocupar com seus trabalhadores judeus depois de testemunhar sua perseguição pelos nazistas.;Na Polônia ocupada alemães durante Segunda Guerra Mundial, industrial Oskar Schindler começa preocupar trabalhadores judeus testemunhar perseguição nazistas.;12;1
O Senhor dos Anéis: O Retorno do Rei;7. The Lord of the Rings: The Return of the King;2003;9.0;Ação;Gandalf e Aragorn lideram o Mundo dos Homens contra o exército de Sauron para desviar o olhar de Frodo e Sam quando eles se aproximam á Montanha da Perdição com o Um Anel.;Gandalf Aragorn lideram Mundo Homens contra exército Sauron desviar olhar Frodo Sam aproximam á Montanha Perdição Um Anel.;167;0
Pulp Fiction - Tempo de Violência;8. Pulp Fiction;1994;8.9;Policial;As vidas de dois assassinos da máfia, um boxeador, um gângster e sua esposa, e um par de bandidos se entrelaçam em quatro histórias de violência e redenção.;As vidas dois assassinos máfia, boxeador, gângster esposa, par bandidos entrelaçam quatro histórias violência redenção.;196;2
O Senhor dos Anéis: A Sociedade do Anel;9. The Lord of the Rings: The Fellowship of the Ring;2001;8.8;Ação;Um manso hobbit do Condado e oito companheiros partem em uma jornada para destruir o poderoso Um Anel e salvar a Terra-média das Trevas.;Um manso hobbit Condado oito companheiros partem jornada destruir poderoso Um Anel salvar Terra-média Trevas.;165;6
Três Homens em Conflito;10. The Good, the Bad and the Ugly;1966;8.8;Aventura;Um impostor se junta com dois homens para encontrar fortuna num remoto cemitério.;Um impostor junta dois homens encontrar fortuna remoto cemitério.;231;3
Forrest Gump: O Contador de Histórias;11. Forrest Gump;1994;8.8;Drama;Os governos dos presidentes Kennedy e Johnson, os eventos do Vietnã e Watergate e outras histórias são mostradas através da perspectiva de um homem do Alabama com baixo quociente intelectual.;Os governos presidentes Kennedy Johnson, eventos Vietnã Watergate outras histórias mostradas através perspectiva homem Alabama baixo quociente intelectual.;83;1
Clube da Luta;12. Fight Club;1999;8.8;Drama;Um trabalhador de escritório e um fabricante de sabonetes formam um clube de luta clandestino que evolui para algo muito maior.;Um trabalhador escritório fabricante sabonetes formam clube luta clandestino evolui algo maior.;57;7
O Senhor dos Anéis: As Duas Torres;13. The Lord of the Rings: The Two Towers;2002;8.8;Ação;Enquanto Frodo e Sam estão perto de Mordor com a ajuda de Gollum, a divida comunhão luta contra Saruman e os Isengards.;Enquanto Frodo Sam perto Mordor ajuda Gollum, divida comunhão luta contra Saruman Isengards.;166;0
A Origem;14. Inception;2010;8.8;Ação;Um ladrão que rouba segredos corporativos através da tecnologia de entrar no subconsciente recebe a tarefa inversa de plantar uma idéia na mente do diretor de uma grande empresa.;Um ladrão rouba segredos corporativos através tecnologia entrar subconsciente recebe tarefa inversa plantar idéia mente diretor grande empresa.;16;7
Star Wars: Episódio V - O Império Contra-Ataca;15. Star Wars: Episode V - The Empire Strikes Back;1980;8.7;Ação;Os rebeldes derrotaram o Império no planeta congelado Hoth. Luke Skywalker começa a treinar como um Jedi com Yoda, enquanto seus amigos são perseguidos por Darth Vader.;Os rebeldes derrotaram Império planeta congelado Hoth. Luke Skywalker começa treinar Jedi Yoda, enquanto amigos perseguidos Darth Vader.;221;5
Homem-Aranha: Através do Aranhaverso;16. Spider-Man: Across the Spider-Verse;2023;8.8;Animação;Miles Morales, o amigão da vizinhança Homem-Aranha, é transporado através do multiverso para unir forças com Gwen Stacy e um novo time de Pessoas-Aranha para enfrentar um vilão mais poderoso do que qualquer coisa que já tenham encontrado.;Miles Morales, amigão vizinhança Homem-Aranha, transporado através multiverso unir forças Gwen Stacy novo time Pessoas-Aranha enfrentar vilão poderoso qualquer coisa encontrado.;97;6
Matrix;17. The Matrix;1999;8.7;Ação;Um hacker aprende com os misteriosos rebeldes sobre a verdadeira natureza de sua realidade e seu papel na guerra contra seus controladores.;Um hacker aprende misteriosos rebeldes sobre verdadeira natureza realidade papel guerra contra controladores.;123;8
Os Bons Companheiros;18. Goodfellas;1990;8.7;Biografia;A historia do Henry Hill e sua vida na máfia, sua relação com sua esposa Karen Hill e seus colegas da máfia Jimmy Conway e Tommy DeVito no sindicato italo-americano do crime.;A historia Henry Hill vida máfia, relação esposa Karen Hill colegas máfia Jimmy Conway Tommy DeVito sindicato italo-americano crime.;178;5
Um Estranho no Ninho;19. One Flew Over the Cuckoo's Nest;1975;8.7;Drama;Um criminoso alega insanidade para ser enviado a um centro de saúde mental, onde se rebela contra a opressiva enfermeira e mobiliza os pacientes a quem ela atemoriza.;Um criminoso alega insanidade enviado centro saúde mental, onde rebela contra opressiva enfermeira mobiliza pacientes atemoriza.;235;2
Seven: Os Sete Crimes Capitais;20. Se7en;1995;8.6;Policial;Dois detetives, um novato e um veterano, perseguem um assassino em série que usa os sete pecados capitais como motivos.;Dois detetives, novato veterano, perseguem assassino série usa sete pecados capitais motivos.;214;2
A Felicidade Não se Compra;21. It's a Wonderful Life;1946;8.6;Drama;Um anjo é enviado dos céus para ajudar um homem de negócios desesperado em sua frustração, e mostra a ele como seria a vida se nunca tivesse existido.;Um anjo enviado céus ajudar homem negócios desesperado frustração, mostra vida nunca existido.;10;3
Os Sete Samurais;22. Seven Samurai;1954;8.6;Ação;Uma aldeia pobre sob a ameaça de bandidos recruta sete samurais para ajudá-los a se defenderem.;Uma aldeia pobre sob ameaça bandidos recruta sete samurais ajudá-los defenderem.;185;8
O Silêncio dos Inocentes;23. The Silence of the Lambs;1991;8.6;Policial;Uma jovem deve receber a ajuda de um assassino canibal manipulador e preso para ajudar a capturar outro assassino em série, um louco que ataca suas vítimas.;Uma jovem deve receber ajuda assassino canibal manipulador preso ajudar capturar outro assassino série, louco ataca vítimas.;170;6
Interestelar;24. Interstellar;2014;8.7;Aventura;Uma equipe de exploradores viaja através de um buraco de minhoca no espaço, na tentativa de garantir a sobrevivência da humanidade.;Uma equipe exploradores viaja através buraco minhoca espaço, tentativa garantir sobrevivência humanidade.;104;2
O Resgate do Soldado Ryan;25. Saving Private Ryan;1998;8.6;Drama;Depois de chegar a Normandía, um grupo de soldados precisam encontrar ao unico irmão vivo de tres que morreram na guerra.;Depois chegar Normandía, grupo soldados precisam encontrar unico irmão vivo tres morreram guerra.;162;8
Cidade de Deus;26. City of God;2002;8.6;Policial;Os caminhos de duas crianças divergem nas favelas do Rio, enquanto um se esforça para se tornar um fotógrafo e o outro um chefe do tráfico.;Os caminhos duas crianças divergem favelas Rio, enquanto esforça tornar fotógrafo outro chefe tráfico.;54;3
A Vida é Bela;27. Life Is Beautiful;1997;8.6;Comédia;Quando um bibliotecário judeu e seu filho se tornarem vítimas do Holocausto, ele usará uma mistura perfeita de vontade, humor e imaginação para proteger seu filho dos perigos do campo de concentração.;Quando bibliotecário judeu filho tornarem vítimas Holocausto, usará mistura perfeita vontade, humor imaginação proteger filho perigos campo concentração.;24;2
À Espera de um Milagre;28. The Green Mile;1999;8.6;Policial;As vidas dos guardas de corredor da morte são afetadas por um dos detidos: um homem afro-americano acusado pelo assassinato e estupro de uma criança, mas com um presente misterioso.;As vidas guardas corredor morte afetadas detidos: homem afro-americano acusado assassinato estupro criança, presente misterioso.;249;8
Star Wars: Episódio IV - Uma Nova Esperança;29. Star Wars: Episode IV - A New Hope;1977;8.6;Ação;Luke Skywalker une forças com um cabaleiro Jedi, um arrogante piloto é dois dróides para salvar a galaxia enquanto tentam salvar a princesa Leia do misterioso Darth Vader.;Luke Skywalker une forças cabaleiro Jedi, arrogante piloto dois dróides salvar galaxia enquanto tentam salvar princesa Leia misterioso Darth Vader.;220;5
O Exterminador do Futuro 2: O Julgamento Final;30. Terminator 2: Judgment Day;1991;8.6;Ação;Um ciborgue, idêntico àquele que não conseguiu matar Sarah Connor, deve agora proteger seu filho adolescente, John Connor, de um ciborgue mais avançado e poderoso.;Um ciborgue, idêntico àquele conseguiu matar Sarah Connor, deve agora proteger filho adolescente, John Connor, ciborgue avançado poderoso.;141;6
De Volta para o Futuro;31. Back to the Future;1985;8.5;Aventura;Marty McFly viaja para 1955 com a máquina do tempo do cientista Dr. Brown. Ele deve garantir que seus pais se apaixonem, para não arriscar sua própria existência.;Marty McFly viaja 1955 máquina tempo cientista Dr. Brown. Ele deve garantir pais apaixonem, arriscar própria existência.;67;2
A Viagem de Chihiro;32. Spirited Away;2001;8.6;Animação;Durante a mudança de casa, uma menina de dez anos se maravilha num mundo de dioses, bruxas e espíritus e onde os humanos são transformados em bestas.;Durante mudança casa, menina dez anos maravilha mundo dioses, bruxas espíritus onde humanos transformados bestas.;21;8
Oppenheimer;33. Oppenheimer;2023;8.6;Biografia;A história do cientista americano J. Robert Oppenheimer e o seu papel no desenvolvimento da bomba atômica.;A história cientista americano J. Robert Oppenheimer papel desenvolvimento bomba atômica.;177;1
O Pianista;34. The Pianist;2002;8.5;Biografia;Um musico judeu luta para sobreviver a destruição de Varsóvia durante a segunda guerra mundial.;Um musico judeu luta sobreviver destruição Varsóvia durante segunda guerra mundial.;156;7
Psicose;35. Psycho;1960;8.5;Terror;Uma secretária de Phoenix desvia dinheiro de um cliente de sua empresa, foge e vai a um motel remoto gerido por um jovem sob o domínio da mãe.;Uma secretária Phoenix desvia dinheiro cliente empresa, foge vai motel remoto gerido jovem sob domínio mãe.;195;7
Parasita;36. Parasite;2019;8.5;Drama;Desempregados, a família de Ki-taek (Song Kang-ho) nutre um interesse peculiar pela família Park até que eles se veem presos em um inesperado incidente.;Desempregados, família Ki-taek (Song Kang-ho) nutre interesse peculiar família Park veem presos inesperado incidente.;188;4
Gladiador;37. Gladiator;2000;8.5;Ação;Um general romano planeja a melhor vingança contra o imperador corrupto que matou sua familia e o fez escravo.;Um general romano planeja melhor vingança contra imperador corrupto matou familia fez escravo.;86;2
O Rei Leão;38. The Lion King;1994;8.5;Animação;Um pequeno lion é obrigado por seu tío a fugir de casa e anos depois se da conta da sua identidade e suas responsabilidades.;Um pequeno lion obrigado tío fugir casa anos conta identidade responsabilidades.;161;8
O Profissional;39. Léon: The Professional;1994;8.5;Ação;Mathilda, uma menina de 12 anos é levada por Léon, um assassino profissional, depois que sua família é assassinada. Léon e Mathilda formam uma relação incomum, desde que ela se torna sua protegida.;Mathilda, menina 12 anos levada Léon, assassino profissional, família assassinada. Léon Mathilda formam relação incomum, desde torna protegida.;159;2
A Outra História Americana;40. American History X;1998;8.5;Policial;Um neonazista tenta evitar que seu irmão mais novo tome o mesmo caminho errado que ele.;Um neonazista tenta evitar irmão novo tome caminho errado ele.;17;7
Os Infiltrados;41. The Departed;2006;8.5;Policial;Um policial disfarçado e um espião estão tentando se identificar enquanto se infiltram em uma gangue irlandesa no sul de Boston.;Um policial disfarçado espião tentando identificar enquanto infiltram gangue irlandesa sul Boston.;183;2
Whiplash: Em Busca da Perfeição;42. Whiplash;2014;8.5;Drama;Um jovem e promissor baterista se matricula em um conservatório de música onde seus sonhos são guiados por um instrutor que não pára por nada para perceber o potencial de um aluno.;Um jovem promissor baterista matricula conservatório música onde sonhos guiados instrutor pára nada perceber potencial aluno.;246;7
O Grande Truque;43. The Prestige;2006;8.5;Drama;Depois de um trágico acidente, dois magos do palco se engajam em uma batalha para criar a ilusão final enquanto sacrificam tudo o que têm para enganar um ao outro.;Depois trágico acidente, dois magos palco engajam batalha criar ilusão final enquanto sacrificam tudo têm enganar outro.;149;3
Túmulo dos Vagalumes;45. Grave of the Fireflies;1988;8.5;Animação;Um menino e sua irmã tentam sobreviver no Japão durante a Segunda Guerra Mundial.;Um menino irmã tentam sobreviver Japão durante Segunda Guerra Mundial.;233;8
Casablanca;46. Casablanca;1942;8.5;Drama;O proprietário cético de uma boate protege um antigo amor e seu marido dos nazistas no Marrocos.;O proprietário cético boate protege antigo amor marido nazistas Marrocos.;51;4
Harakiri;47. Harakiri;1962;8.6;Ação;Um velho samurai ronin chega à casa de um senhor feudal e pede um lugar honroso para cometer suicídio. Mas quando o ronin pede um samurai mais jovem que chegou antes, os eventos seguem um curso inesperado.;Um velho samurai ronin chega casa senhor feudal pede lugar honroso cometer suicídio. Mas ronin pede samurai jovem chegou antes, eventos seguem curso inesperado.;94;3
Intocáveis;48. The Intouchables;2011;8.5;Biografia;Depois de ficar tetraplégico num acidente, um aristocrata contrata um jovem de um bairro pobre para cuidar dele.;Depois ficar tetraplégico acidente, aristocrata contrata jovem bairro pobre cuidar dele.;105;0
Tempos Modernos;49. Modern Times;1936;8.5;Comédia;Um vagabundo luta para viver na sociedade industrial moderna com a ajuda de uma jovem.;Um vagabundo luta viver sociedade industrial moderna ajuda jovem.;223;7
Cinema Paradiso;50. Cinema Paradiso;1988;8.5;Drama;Um diretor de cinema lembra como, em sua infância, ele se apaixonou pelo cinema de sua cidade e iniciou uma profunda amizade com o projecionista.;Um diretor cinema lembra como, infância, apaixonou cinema cidade iniciou profunda amizade projecionista.;56;7
Era uma Vez no Oeste;51. Once Upon a Time in the West;1968;8.5;Faroeste;Um misterioso estranhoe se junta com um bandido para proteger a uma viúva.;Um misterioso estranhoe junta bandido proteger viúva.;77;6
Janela Indiscreta;52. Rear Window;1954;8.5;Mistério;Um fotógrafo em uma cadeira de rodas espiona seus vizinhos pela janela de seu apartamento e está convencido de que um deles cometeu um assassinato.;Um fotógrafo cadeira rodas espiona vizinhos janela apartamento convencido cometeu assassinato.;108;6
Alien - O 8º Passageiro;53. Alien;1979;8.5;Terror;Depois que um navio mercante do espaço percebe uma transmissão desconhecida como uma chamada de socorro, encontra um dos tripulantes atacado por um misterioso modo de vida, e logo percebem que seu ciclo de vida simplesmente começou.;Depois navio mercante espaço percebe transmissão desconhecida chamada socorro, encontra tripulantes atacado misterioso modo vida, logo percebem ciclo vida simplesmente começou.;27;8
Luzes da Cidade;54. City Lights;1931;8.5;Comédia;Com a ajuda de um homem rico, bêbado e imprevisível, um vagabundo ingênuo que se apaixonou por uma florista cega tenta conseguir dinheiro para fornecer ajuda médica.;Com ajuda homem rico, bêbado imprevisível, vagabundo ingênuo apaixonou florista cega tenta conseguir dinheiro fornecer ajuda médica.;119;2
Apocalypse Now;55. Apocalypse Now;1979;8.4;Drama;Um oficial do exército dos Estados Unidos no Vietnã é encarregado de assassinar a um coronel que acredita ser um deus.;Um oficial exército Estados Unidos Vietnã encarregado assassinar coronel acredita deus.;34;8
Amnésia;56. Memento;2000;8.4;Mistério;Um homem com perda da memória de curto prazo tenta investigar o homicídio da sua esposa.;Um homem perda memória curto prazo tenta investigar homicídio esposa.;30;7
Django Livre;57. Django Unchained;2012;8.4;Drama;Com a ajuda de um caçador de recompensas alemão, um escravo libertado sai para resgatar sua esposa de um brutal dono de uma plantação no Mississipi.;Com ajuda caçador recompensas alemão, escravo libertado sai resgatar esposa brutal dono plantação Mississipi.;70;4
Os Caçadores da Arca Perdida;58. Indiana Jones and the Raiders of the Lost Ark;1981;8.4;Ação;Em 1936 o archeologista e aventurero Indiana Jones é contratado pelo governo dos Estados Unidos para procurar pelo Pacto da Arca, antes que os nazis o tenham primeiro.;Em 1936 archeologista aventurero Indiana Jones contratado governo Estados Unidos procurar Pacto Arca, antes nazis primeiro.;179;1
WALL·E;59. WALL·E;2008;8.4;Animação;Num futuro distante, um pequeno robô faz uma viagem que decidirá o destino da humanidade.;Num futuro distante, pequeno robô faz viagem decidirá destino humanidade.;245;2
A Vida dos Outros;60. The Lives of Others;2006;8.4;Drama;Em 1984, em Berlim Oriental, um agente da polícia secreta que cuida de um escritor e sua mulher se vê cada vez mais absorvido em suas vidas.;Em 1984, Berlim Oriental, agente polícia secreta cuida escritor mulher vê cada vez absorvido vidas.;23;2
Crepúsculo dos Deuses;61. Sunset Blvd.;1950;8.4;Drama;Um roteirista estabelece uma relação com uma fracasada estrela de cinema que quer voltar aos filmes.;Um roteirista estabelece relação fracasada estrela cinema quer voltar filmes.;63;7
Glória Feita de Sangue;62. Paths of Glory;1957;8.4;Drama;Depois de se recusar a atacar uma posição inimiga, um general acusa os soldados da covardia e seu comandante deve defendê-los.;Depois recusar atacar posição inimiga, general acusa soldados covardia comandante deve defendê-los.;87;2
Vingadores: Guerra Infinita;63. Avengers: Infinity War;2018;8.4;Ação;Os Vingadores e seus aliados deverão sacrificar tudo em uma tentativa de derrotar o poderoso Thanos antes que sua explosão de devastação ponha fim ao universo.;Os Vingadores aliados deverão sacrificar tudo tentativa derrotar poderoso Thanos antes explosão devastação ponha fim universo.;240;7
O Iluminado;64. The Shining;1980;8.4;Drama;Uma família se dirige a um hotel isolado para o inverno, onde uma presença sinistra influencia a violência do pai, enquanto seu filho psíquico vê presságios horríveis do passado e do futuro.;Uma família dirige hotel isolado inverno, onde presença sinistra influencia violência pai, enquanto filho psíquico vê presságios horríveis passado futuro.;151;2
O Grande Ditador;65. The Great Dictator;1940;8.4;Comédia;O ditador Hynkel tenta expandir seu império enquanto um pobre barbeiro judeu tenta evitar a perseguição do regime de Hynkel.;O ditador Hynkel tenta expandir império enquanto pobre barbeiro judeu tenta evitar perseguição regime Hynkel.;146;2
Testemunha de Acusação;66. Witness for the Prosecution;1957;8.4;Policial;Um veterano advogado britânico deve defender seu cliente em um julgamento de assassinato que tem surpresa após surpresa.;Um veterano advogado britânico deve defender cliente julgamento assassinato surpresa após surpresa.;224;2
Homem-Aranha: No Aranhaverso;67. Spider-Man: Into the Spider-Verse;2018;8.4;Animação;Um jovem se torna o Homem Aranha de sua realidade, cruzando seu caminho com cinco colegas de outras dimensões para impedir uma ameaça a todas as realidades.;Um jovem torna Homem Aranha realidade, cruzando caminho cinco colegas outras dimensões impedir ameaça todas realidades.;98;3
Aliens, O Resgate;68. Aliens;1986;8.4;Ação;Ellen Ripley é salvada depois de estar dormida por 57 anos. A luna que o Nostromo visitou foi colonizada mas o contado se perdeu.;Ellen Ripley salvada dormida 57 anos. A luna Nostromo visitou colonizada contado perdeu.;28;4
Beleza Americana;69. American Beauty;1999;8.3;Drama;Um pai sexualmente frustrado tem uma crise existencial depois de conhecer a melhor amiga da sua filha.;Um pai sexualmente frustrado crise existencial conhecer melhor amiga filha.;45;3
Batman: O Cavaleiro das Trevas Ressurge;70. The Dark Knight Rises;2012;8.4;Ação;Oito anos depois da anarquia do Coringa, Batman com ajuda da Mulher Gato, tentam salvar Gotham do terrorista Bane.;Oito anos anarquia Coringa, Batman ajuda Mulher Gato, tentam salvar Gotham terrorista Bane.;44;5
Bastardos Inglórios;71. Inglourious Basterds;2009;8.3;Aventura;Na França ocupada pelos nazistas durante a Segunda Guerra Mundial, um plano para assassinar líderes nazistas por parte de um grupo de soldados judeus dos EUA coincide com os planos de vingança da dona de uma sala de cinema.;Na França ocupada nazistas durante Segunda Guerra Mundial, plano assassinar líderes nazistas parte grupo soldados judeus EUA coincide planos vingança dona sala cinema.;41;4
Dr. Fantástico;72. Dr. Strangelove or: How I Learned to Stop Worrying and Love the Bomb;1964;8.4;Comédia;Um general alienado provoca um potencial holocausto nuclear que uma sala de guerra cheia de políticos e generais tenta freneticamente parar.;Um general alienado provoca potencial holocausto nuclear sala guerra cheia políticos generais tenta freneticamente parar.;71;2
Oldboy;73. Oldboy;2003;8.4;Ação;Depois de ter sido raptado e preso por quinze anos, Oh Dae-Su é libertado, e descobre que tem 5 dias para encontrar seu sequestrador.;Depois ter sido raptado preso quinze anos, Oh Dae-Su libertado, descobre 5 dias encontrar sequestrador.;175;9
Viva: A Vida é uma Festa;74. Coco;2017;8.4;Animação;Miguel entra na terra dos mortos para encontrar a seu bisavó quem era um lendário cantante.;Miguel entra terra mortos encontrar bisavó lendário cantante.;242;9
Amadeus;75. Amadeus;1984;8.4;Biografia;A vida, sucessos e tribulações de Wolfgang Amadeus Mozart de acordo com Antonio Salieri, um compositor que era contemporâneo, que sempre teve ciúmes dele e que alegou tê-lo matado.;A vida, sucessos tribulações Wolfgang Amadeus Mozart acordo Antonio Salieri, compositor contemporâneo, sempre ciúmes alegou tê-lo matado.;29;2
Toy Story;76. Toy Story;1995;8.3;Animação;Um brinquedo do cauboi se sente profundamente ameaçado e celoso quando um brinquedo patrulheiro espacial passa a ter mais atençao do garoto.;Um brinquedo cauboi sente profundamente ameaçado celoso brinquedo patrulheiro espacial passa ter atençao garoto.;227;3
Coração Valente;77. Braveheart;1995;8.3;Biografia;Quando sua noiva en segredo é assassinada, William Wallace comença uma revolta contra o rey Eduardo I da Inglaterra.;Quando noiva en segredo assassinada, William Wallace comença revolta contra rey Eduardo I Inglaterra.;61;4
O Barco: Inferno no Mar;78. Das Boot;1981;8.4;Drama;O mundo claustrofóbico de um submarino da Segunda Guerra Mundial, cheio de tédio, sujeira e terror.;O mundo claustrofóbico submarino Segunda Guerra Mundial, cheio tédio, sujeira terror.;136;4
Coringa;79. Joker;2019;8.4;Policial;Um comediante falido enlouquece e se torna um assassino psicopata.;Um comediante falido enlouquece torna assassino psicopata.;62;8
Vingadores: Ultimato;80. Avengers: Endgame;2019;8.4;Ação;Após os eventos devastadores de Vingadores: Guerra Infinita , o universo está em ruínas, e com a ajuda de aliados os Vingadores se reúnem para desfazer as ações de Thanos e restaurar a ordem.;Após eventos devastadores Vingadores: Guerra Infinita , universo ruínas, ajuda aliados Vingadores reúnem desfazer ações Thanos restaurar ordem.;241;2
Princesa Mononoke;81. Princess Mononoke;1997;8.3;Animação;Numa viagem para descobrir a cura contra a maldição de Tatarigami, Ashitaka, se encontra uma guerra entre os deuses da foresta e Tatara, uma colônia mineira.;Numa viagem descobrir cura contra maldição Tatarigami, Ashitaka, encontra guerra deuses foresta Tatara, colônia mineira.;193;2
Gênio Indomável;82. Good Will Hunting;1997;8.3;Drama;Will Hunting, um zelador duma Universidade, tem habilidades para a matemática, mas precisa da ajuda dum psicólogo para encontrar seu propósito.;Will Hunting, zelador duma Universidade, habilidades matemática, precisa ajuda dum psicólogo encontrar propósito.;92;2
Era uma Vez na América;83. Once Upon a Time in America;1984;8.3;Policial;Um ex criminal judeu da época da proibição volta a Manhattan onde deberá confrontar seu pasado.;Um ex criminal judeu época proibição volta Manhattan onde deberá confrontar pasado.;76;7
Your Name.;84. Your Name.;2016;8.4;Animação;Dois estranhos estão ligados de uma maneira bizarra, mais quando uma conexão é formada, a distância será a única coisa que os manterá separados?;Dois estranhos ligados maneira bizarra, conexão formada, distância única coisa manterá separados?;248;7
3 Idiotas;85. 3 Idiots;2009;8.4;Comédia;Dois amigos procuram seu companheiro perdido. Eles se lembram de seus dias de faculdade e como seu amigo os inspirou a pensar de maneira diferente, mesmo quando o resto do mundo os chamava idiotas.;Dois amigos procuram companheiro perdido. Eles lembram dias faculdade amigo inspirou pensar maneira diferente, resto mundo chamava idiotas.;5;3
Céu E Inferno;86. High and Low;1963;8.4;Policial;Um executivo de uma empresa de calçados torna-se vítima de extorsão quando o filho de seu motorista é sequestrado e retido para resgate.;Um executivo empresa calçados torna-se vítima extorsão filho motorista sequestrado retido resgate.;65;7
Cantando na Chuva;87. Singin' in the Rain;1952;8.3;Comédia;Uma produtora de cinema e elenco fazem uma transição difíci.;Uma produtora cinema elenco fazem transição difíci.;50;7
Réquiem para um Sonho;88. Requiem for a Dream;2000;8.3;Drama;As utopias causadas pelo uso de drogas em quatro pessoas de Coney Island se rompem quando seus vícios as dominam.;As utopias causadas uso drogas quatro pessoas Coney Island rompem vícios dominam.;208;6
Cafarnaum;89. Capernaum;2018;8.4;Drama;Ao cumprir uma sentença de cinco anos por um crime violento, uma criança de 12 anos processou seus pais por negligência.;Ao cumprir sentença cinco anos crime violento, criança 12 anos processou pais negligência.;49;8
Toy Story 3;90. Toy Story 3;2010;8.3;Animação;Os brinquedos são dados por erro a uma creche, Woody junto com os outros brinquedos tentaram voltar a casa do Andy.;Os brinquedos dados erro creche, Woody junto outros brinquedos tentaram voltar casa Andy.;228;6
Vá e Veja;91. Come and See;1985;8.4;Drama;Depois de encontrar uma arma, um jovem se une as forças da resistença russa contra os alemães na segunda guerra mundial.;Depois encontrar arma, jovem une forças resistença russa contra alemães segunda guerra mundial.;244;8
Star Wars, Episódio VI: O Retorno do Jedi;92. Star Wars: Episode VI - Return of the Jedi;1983;8.3;Ação;Depois de uma missão ousada para resgatar Han Solo da cabana de Jabba, os rebeldes partem para fazer Endor destruir a mais poderosa Estrela da Morte. Enquanto isso, Luke tenta trazer Darth Vader de volta do lado negro, sem cair na armadilha do Imperador.;Depois missão ousada resgatar Han Solo cabana Jabba, rebeldes partem fazer Endor destruir poderosa Estrela Morte. Enquanto isso, Luke tenta trazer Darth Vader volta lado negro, cair armadilha Imperador.;219;6
Brilho Eterno de uma Mente sem Lembranças;93. Eternal Sunshine of the Spotless Mind;2004;8.3;Drama;Quando sua relaçao se volta complicada, um casal tenta um procedimento médico para que suas memorias sejam apagadas.;Quando relaçao volta complicada, casal tenta procedimento médico memorias apagadas.;48;2
2001: Uma Odisséia no Espaço;94. 2001: A Space Odyssey;1968;8.3;Aventura;Trás descobrir um misterioso artefato na superfície da Lua, a humanidade tenta encontrar seus origens com a ajuda da inteligença do ordernador HAL 9000.;Trás descobrir misterioso artefato superfície Lua, humanidade tenta encontrar origens ajuda inteligença ordernador HAL 9000.;4;8
A Caça;95. The Hunt;2012;8.3;Drama;Um professor vive uma vida solitária enquanto luta pela custódia de seu filho. Sua vida melhora lentamente quando ele encontra o amor e recebe boas notícias de seu filho, mas sua sorte está prestes a mudar por uma pequena mentira inocente.;Um professor vive vida solitária enquanto luta custódia filho. Sua vida melhora lentamente encontra amor recebe boas notícias filho, sorte prestes mudar pequena mentira inocente.;8;3
Cães de Aluguel;96. Reservoir Dogs;1992;8.3;Policial;Quando um simples roubo de jóias dá errado, os criminosos sobreviventes começam a suspeitar que um deles é um informante da polícia.;Quando simples roubo jóias dá errado, criminosos sobreviventes começam suspeitar informante polícia.;64;8
Viver;97. Ikiru;1952;8.3;Drama;Depois de descobrir que tem câncer terminal, um burocrata tenta encontrar um sentido para sua vida.;Depois descobrir câncer terminal, burocrata tenta encontrar sentido vida.;243;9
Lawrence da Arábia;98. Lawrence of Arabia;1962;8.3;Aventura;A história de T. E. Lawrence, o oficial inglês que conseguiu unir e liderar várias tribos árabes, durante a Primeira Guerra Mundial para lutar contra os turcos.;A história T. E. Lawrence, oficial inglês conseguiu unir liderar várias tribos árabes, durante Primeira Guerra Mundial lutar contra turcos.;116;2
Cidadão Kane;99. Citizen Kane;1941;8.3;Drama;Após a morte de um magnata na indústria editorial, jornalistas correm para descobrir o significado da última palavra que ele pronunciou.;Após morte magnata indústria editorial, jornalistas correm descobrir significado última palavra pronunciou.;55;2
M, o Vampiro de Dusseldorf;100. M;1931;8.3;Policial;Quando a polícia de uma cidade alemã não consegue encontrar um assassino de crianças, outros criminosos decidem ajudar na caçada humana.;Quando polícia cidade alemã consegue encontrar assassino crianças, outros criminosos decidem ajudar caçada humana.;120;8
Intriga Internacional;101. North by Northwest;1959;8.3;Ação;Um executivo de publicidade de Nova Iorque tem que fugir quando é confundido por um agente de governo.;Um executivo publicidade Nova Iorque fugir confundido agente governo.;106;2
Se Meu Apartamento Falasse;102. The Apartment;1960;8.3;Comédia;Um homem tenta subir na empresa permitindo que seus executivos usem seu apartamento para encontros, mas surgem complicações e um romance próprio.;Um homem tenta subir empresa permitindo executivos usem apartamento encontros, surgem complicações romance próprio.;211;3
Um Corpo que Cai;103. Vertigo;1958;8.3;Mistério;Um ex-policial luta contra seus demônios enquanto está obcecado por uma mulher bonita.;Um ex-policial luta contra demônios enquanto obcecado mulher bonita.;234;8
Pacto de Sangue;104. Double Indemnity;1944;8.3;Policial;Um agente de seguros se deixa convencer de um esquema de assassinato e fraude, o que desperta a suspeita de um investigador.;Um agente seguros deixa convencer esquema assassinato fraude, desperta suspeita investigador.;187;3
O Fabuloso Destino de Amélie Poulain;105. Amélie;2001;8.3;Comédia;Amélie é uma parisiense ingênua com seu próprio senso de justiça. Ela decide ajudar as pessoas ao seu redor e, no caminho, descobre o amor.;Amélie parisiense ingênua próprio senso justiça. Ela decide ajudar pessoas redor e, caminho, descobre amor.;142;7
Scarface;106. Scarface;1983;8.3;Policial;Em Miamo em 1980, um imigrante cubano toma o control dum cartel de drogas.;Em Miamo 1980, imigrante cubano toma control dum cartel drogas.;210;2
Nascido para Matar;107. Full Metal Jacket;1987;8.3;Drama;Um marinho dos Estados Unidos nota os deshumanizantes efeitos da guerra do Vietnã em seus colegas.;Um marinho Estados Unidos nota deshumanizantes efeitos guerra Vietnã colegas.;134;3
Laranja Mecânica;108. A Clockwork Orange;1971;8.3;Policial;No futuro, um jovem líder de gang é levado para prisão e decide ser voluntário em um experimento, mas os resultados não são os esperados.;No futuro, jovem líder gang levado prisão decide voluntário experimento, resultados esperados.;115;4
Incêndios;109. Incendies;2010;8.3;Drama;Os gêmeos viajam para o Oriente Médio para descobrir sua história familiar e cumprir os últimos desejos de sua mãe.;Os gêmeos viajam Oriente Médio descobrir história familiar cumprir últimos desejos mãe.;102;2
Hamilton;110. Hamilton;2020;8.3;Biografia;A vida de um dos maiores fundadores e primeiro secretário do Tesouro da América, Alexander Hamilton.;A vida maiores fundadores primeiro secretário Tesouro América, Alexander Hamilton.;93;1
Fogo Contra Fogo;111. Heat;1995;8.3;Ação;Um grupo de profissionais roubando bancos sospeitam que a polícia está tráis deles quando deixam uma pista no seu último roubo.;Um grupo profissionais roubando bancos sospeitam polícia tráis deixam pista último roubo.;81;7
Up: Altas Aventuras;112. Up;2009;8.3;Animação;Carl Fredricksen, de 78 anos, viaja a Paraside Falls com sua casa e inadvertidamente leva um menino com ele.;Carl Fredricksen, 78 anos, viaja Paraside Falls casa inadvertidamente leva menino ele.;238;4
O Sol é para Todos;113. To Kill a Mockingbird;1962;8.3;Policial;Atticus Finch, um advogado no sul da era da Depressão, defende um homem negro contra uma acusação de estupro imerecida, e seus filhos contra o preconceito.;Atticus Finch, advogado sul Depressão, defende homem negro contra acusação estupro imerecida, filhos contra preconceito.;171;2
Golpe de Mestre;114. The Sting;1973;8.3;Comédia;Dois golpistas se reúnem para obter o melhor golpe.;Dois golpistas reúnem obter melhor golpe.;88;2
A Separação;115. A Separation;2011;8.3;Drama;Um casal é confrontado com uma decisão difícil, melhorar a vida de seu filho mudando-se para outro país ou ficar no Irã e cuidar de um pai que se deteriora e com Alzheimer.;Um casal confrontado decisão difícil, melhorar vida filho mudando-se outro país ficar Irã cuidar pai deteriora Alzheimer.;20;3
Indiana Jones e a Última Cruzada;116. Indiana Jones and the Last Crusade;1989;8.2;Ação;"Em 1938, depois que seu pai, o professor Henry Jones, desaparece enquanto persegue o Santo Graal, o professor Henry ""Indiana"" Jones, Jr. se encontra contra os nazistas de Adolf Hitler.";"Em 1938, pai, professor Henry Jones, desaparece enquanto persegue Santo Graal, professor Henry ""Indiana"" Jones, Jr. encontra contra nazistas Adolf Hitler.";103;4
Metrópolis;117. Metropolis;1927;8.3;Drama;Numa cidade futurística dividida entre os trabalhadores e os planejadores, o filho do maior planejador se apaixona por uma trabalhadora.;Numa cidade futurística dividida trabalhadores planejadores, filho maior planejador apaixona trabalhadora.;126;7
Duro de Matar;118. Die Hard;1988;8.2;Ação;John McClane, agente do departamento de polícia de Nova York, tenta salvar sua esposa, Holly Gennaro, e outras pessoas que o terrorista alemão Hans Gruber tomou como reféns durante a festa de Natal no Nakatomi Plaza, em Los Angeles.;John McClane, agente departamento polícia Nova York, tenta salvar esposa, Holly Gennaro, outras pessoas terrorista alemão Hans Gruber tomou reféns durante festa Natal Nakatomi Plaza, Los Angeles.;72;5
Los Angeles: Cidade Proibida;119. L.A. Confidential;1997;8.2;Policial;A corrupção cresce em Los Angeles nos anos 50. Três policiais estão investigando uma série de assassinatos com sua própria marca de justiça.;A corrupção cresce Los Angeles anos 50. Três policiais investigando série assassinatos própria marca justiça.;118;8
Ladrões de Bicicletas;120. Bicycle Thieves;1948;8.3;Drama;Na Itália da pós-guerra a bicicleta de um homem da classe trabalhadora é roubada. Ele e o filho partiram para encontrá-la.;Na Itália pós-guerra bicicleta homem classe trabalhadora roubada. Ele filho partiram encontrá-la.;114;7
Snatch: Porcos e Diamantes;121. Snatch;2000;8.2;Comédia;Segue a luta de criminais tráis um diamante como nenhum outro nu mundo.;Segue luta criminais tráis diamante nenhum outro nu mundo.;216;6
Como Estrelas na Terra;122. Like Stars on Earth;2007;8.3;Drama;Um garoto de oito anos é acusado de ser problemático e preguiçoso, até que o novo professor de arte tem a paciência e compaixão para descobrir o verdadeiro problema por trás de suas lutas na escola.;Um garoto oito anos acusado problemático preguiçoso, novo professor arte paciência compaixão descobrir verdadeiro problema trás lutas escola.;58;3
Taxi Driver: Motorista de Táxi;123. Taxi Driver;1976;8.2;Policial;Um veterano de guerra com problemas mentais trabalha de noite como condutor de táxi na cidade de Nova Iorque, onde experimenta violência e perigo ao tentar ajudar um trabalhador e uma prostituta.;Um veterano guerra problemas mentais trabalha noite condutor táxi cidade Nova Iorque, onde experimenta violência perigo tentar ajudar trabalhador prostituta.;222;3
1917;124. 1917;2019;8.2;Ação;Trama desconhecida. O filme será de 1917 durante a primeira guerra mundial.;Trama desconhecida. O filme 1917 durante primeira guerra mundial.;3;1
A Queda! As Últimas Horas de Hitler;125. Downfall;2004;8.2;Biografia;O último secretário de Hitler relata seus últimos dias em seu bunker de Berlim no final da Segunda Guerra Mundial.;O último secretário Hitler relata últimos dias bunker Berlim final Segunda Guerra Mundial.;19;1
Dangal;126. Dangal;2016;8.3;Ação;O lutador Mahavir e suas filhas lutadoras procuram a gloria contra a opressão social nos jogos do Commonwealth.;O lutador Mahavir filhas lutadoras procuram gloria contra opressão social jogos Commonwealth.;66;2
Top Gun: Maverick;127. Top Gun: Maverick;2022;8.3;Ação;Após mais de trinta anos de serviço como um dos melhores aviadores da Marinha, Pete Mitchell está onde pertence, ultrapassando os limites como um piloto de teste intrépido e evitando a promoção de posto que o manteria em terra.;Após trinta anos serviço melhores aviadores Marinha, Pete Mitchell onde pertence, ultrapassando limites piloto teste intrépido evitando promoção posto manteria terra.;225;6
Por uns Dólares a Mais;128. For a Few Dollars More;1965;8.2;Drama;Dois caçadores de recompensas com as mesmas intenções se reúnem para encontrar um criminoso ocidental.;Dois caçadores recompensas mesmas intenções reúnem encontrar criminoso ocidental.;191;3
Batman Begins;129. Batman Begins;2005;8.2;Ação;Depois do treinamento, Batman comença a luta contra o crime e corrupçao en Gotham.;Depois treinamento, Batman comença luta contra crime corrupçao en Gotham.;42;4
Quanto Mais Quente Melhor;130. Some Like It Hot;1959;8.2;Comédia;Dos músicos son testigos de un crimen y se dan a la fuga disfrazados de mujeres en una banda femenina, pero las cosas se complican.;Dos músicos son testigos un crimen y dan la fuga disfrazados mujeres en una banda femenina, pero las cosas complican.;198;9
O Garoto;131. The Kid;1921;8.2;Comédia;Um mendigo cuida de uma criança abandonada, mas os eventos ameaçam esse relacionamento.;Um mendigo cuida criança abandonada, eventos ameaçam relacionamento.;144;8
O Lobo de Wall Street;132. The Wolf of Wall Street;2013;8.2;Biografia;Baseada na verdadeira história de Jordan Belfort, desde sua ascensão como corretor de valores até a sua queda e envolvimento no crime e corrupção com o governo.;Baseada verdadeira história Jordan Belfort, desde ascensão corretor valores queda envolvimento crime corrupção governo.;153;2
Meu Pai;133. The Father;2020;8.2;Drama;Um homem recusa toda a ajuda de sua filha à medida que envelhece. Ao tentar entender as mudanças nas circunstâncias, ele começa a duvidar dos seus entes queridos, da sua própria mente e até mesmo da estrutura de sua realidade.;Um homem recusa toda ajuda filha medida envelhece. Ao tentar entender mudanças circunstâncias, começa duvidar entes queridos, própria mente estrutura realidade.;128;3
Green Book: O Guia;134. Green Book;2018;8.2;Biografia;Um valentão ítalo-americano se torna o motorista de um pianista afro-americano em um tour no sul dos Estados Unidos nos anos sessenta.;Um valentão ítalo-americano torna motorista pianista afro-americano tour sul Estados Unidos anos sessenta.;90;1
A Malvada;135. All About Eve;1950;8.2;Drama;Uma ingênua se insinua na vida de uma atriz de teatro, e de seu círculo de amigas de teatro.;Uma ingênua insinua vida atriz teatro, círculo amigas teatro.;13;2
Julgamento em Nuremberg;136. Judgment at Nuremberg;1961;8.3;Drama;Em 1948, um tribunal dos Estados Unidos na Alemanha ocupada julga quatro nazistas por crimes de guerra.;Em 1948, tribunal Estados Unidos Alemanha ocupada julga quatro nazistas crimes guerra.;110;8
O Show de Truman: O Show da Vida;137. The Truman Show;1998;8.2;Comédia;Um vendedor de seguros descobre que sua vida é um programa de televisão.;Um vendedor seguros descobre vida programa televisão.;169;6
Ran;138. Ran;1985;8.2;Ação;No Japão medieval, um senhor feudal decide abdicar e entregar seus domínios aos seus três filhos. Mas ele não é capaz de ver que esses novos poderes irão corrompê-los e levá-los a enfrentar um ao outro, e contra ele.;No Japão medieval, senhor feudal decide abdicar entregar domínios três filhos. Mas capaz ver novos poderes irão corrompê-los levá-los enfrentar outro, contra ele.;199;8
Cassino;139. Casino;1995;8.2;Policial;Uma história de ganância, dinheiro e assassinato acontece entre dois melhores amigos: um mafioso e um executivo de cassino, que competem uns com os outros por um império de jogo e pelo amor de uma socialite.;Uma história ganância, dinheiro assassinato acontece dois melhores amigos: mafioso executivo cassino, competem uns outros império jogo amor socialite.;52;3
Sangue Negro;140. There Will Be Blood;2007;8.2;Drama;Uma história sobre familia, religião, ódio e loucura, centrada na vida de um explorador de petróleo nos primeiros anos do negócio.;Uma história sobre familia, religião, ódio loucura, centrada vida explorador petróleo primeiros anos negócio.;209;2
Ilha do Medo;141. Shutter Island;2010;8.2;Mistério;Em 1945, um policial federal dos Estados Unidos investiga o desaparecimento de um assassino que escapou de um hospital psiquiátrico.;Em 1945, policial federal Estados Unidos investiga desaparecimento assassino escapou hospital psiquiátrico.;101;1
O Labirinto do Fauno;142. Pan's Labyrinth;2006;8.2;Drama;Na Espanha de 1944, a filha dum oficial do exército escapa a um mundo de fantasia.;Na Espanha 1944, filha dum oficial exército escapa mundo fantasia.;152;1
Os Imperdoáveis;143. Unforgiven;1992;8.2;Drama;O atirador do Velho Oeste, William Munny, relutantemente aceita um último trabalho com a ajuda de seu antigo amigo e um jovem.;O atirador Velho Oeste, William Munny, relutantemente aceita último trabalho ajuda antigo amigo jovem.;180;6
O Sexto Sentido;144. The Sixth Sense;1999;8.2;Drama;Um menino que consegue se comunicar com espíritos encontra ajuda de um psicólogo.;Um menino consegue comunicar espíritos encontra ajuda psicólogo.;168;2
Jurassic Park;145. Jurassic Park;1993;8.2;Ação;Durante um tour o parque sofre falta de energia eléctrica o que faz que um dinossauro clonado saia do seu claustro.;Durante tour parque sofre falta energia eléctrica faz dinossauro clonado saia claustro.;111;4
Uma Mente Brilhante;146. A Beautiful Mind;2001;8.2;Biografia;A vida do brilhante mas insociável matemático John Nash muda quando ele aceita um trabalho secreto em criptografia.;A vida brilhante insociável matemático John Nash muda aceita trabalho secreto criptografia.;237;2
O Tesouro da Sierra Madre;147. The Treasure of the Sierra Madre;1947;8.2;Aventura;Dois americanos em busca de trabalho no México convencem um homem a ajudá-los a extrair ouro nas montanhas da Serra Madre.;Dois americanos busca trabalho México convencem homem ajudá-los extrair ouro montanhas Serra Madre.;173;8
Yojimbo, o Guarda-Costas;148. Yojimbo;1961;8.2;Ação;Um astuto ronin chega a uma cidade dividida por duas quadrilhas criminosas e decide se confrontar para libertar a cidade.;Um astuto ronin chega cidade dividida duas quadrilhas criminosas decide confrontar libertar cidade.;247;7
Onde os Fracos Não Têm Vez;149. No Country for Old Men;2007;8.2;Policial;Violência e caos surgem quando um caçador se depara com uma negociação de drogas que deu errado e mais de dois milhões de dólares perto do Rio Grande.;Violência caos surgem caçador depara negociação drogas deu errado dois milhões dólares perto Rio Grande.;176;6
Monty Python em Busca do Cálice Sagrado;150. Monty Python and the Holy Grail;1975;8.2;Aventura;O Rei Arthur e seus Cavaleiros da Távola Redonda embarcam em uma busca surrealista e de baixo orçamento pelo Santo Graal, encontrando múltiplos obstáculos estúpidos.;O Rei Arthur Cavaleiros Távola Redonda embarcam busca surrealista baixo orçamento Santo Graal, encontrando múltiplos obstáculos estúpidos.;131;4
Kill Bill: Volume 1;151. Kill Bill: Vol. 1;2003;8.2;Ação;Depois de despertar de um coma de quatro anos, uma antiga assassina busca vingança contra o grupo de assassinos que a traiu.;Depois despertar coma quatro anos, antiga assassina busca vingança contra grupo assassinos traiu.;112;8
Fugindo do Inferno;152. The Great Escape;1963;8.2;Aventura;Prisioneiros de guerra aliados planejam uma fuga maciça de um campo alemão durante a Segunda Guerra Mundial.;Prisioneiros guerra aliados planejam fuga maciça campo alemão durante Segunda Guerra Mundial.;84;1
O Enigma de Outro Mundo;153. The Thing;1982;8.2;Terror;Um team de investigação na Antartica é perseguido por extraterrestres.;Um team investigação Antartica perseguido extraterrestres.;138;1
Rashomon;154. Rashomon;1950;8.2;Policial;A violação de uma noiva e o assassinato de seu marido samurai são lembrados desde a perspectiva de um bandido, da noiva, do fantasma do samurai e de um lenhador.;A violação noiva assassinato marido samurai lembrados desde perspectiva bandido, noiva, fantasma samurai lenhador.;200;6
Procurando Nemo;155. Finding Nemo;2003;8.2;Animação;Quando seu filho é capturado, um peixe-palhaço tímido embarca em uma viagem para trazê-lo para casa.;Quando filho capturado, peixe-palhaço tímido embarca viagem trazê-lo casa.;194;6
O Homem Elefante;156. The Elephant Man;1980;8.2;Biografia;Um famoso médico estuda a um jovem com a cara deformada, conhecido como Homem Elefante, ele se da conta que o homem é inteligente e de bom coração.;Um famoso médico estuda jovem cara deformada, conhecido Homem Elefante, conta homem inteligente bom coração.;150;3
Chinatown;157. Chinatown;1974;8.2;Drama;Um detetive particular contratado para desmascarar um adúltero é pego em uma teia de fraude, corrupção e assassinato.;Um detetive particular contratado desmascarar adúltero pego teia fraude, corrupção assassinato.;53;3
Homem-Aranha: Sem Volta para Casa;158. Spider-Man: No Way Home;2021;8.2;Ação;Com a identidade do Homem-Aranha revelada, Peter pede ajuda ao Doutor Strange. Quando um feitiço corre mal, inimigos perigosos de outros mundos começam a aparecer, forçando Peter a descobrir o que realmente significa ser o Homem-Aranha.;Com identidade Homem-Aranha revelada, Peter pede ajuda Doutor Strange. Quando feitiço corre mal, inimigos perigosos outros mundos começam aparecer, forçando Peter descobrir realmente significa Homem-Aranha.;99;3
V de Vingança;159. V for Vendetta;2005;8.2;Ação;Em um futuro da tirania britânica, um lutador clandestino conhecido como V trama um plano para derrubá-la com a ajuda de uma jovem mulher.;Em futuro tirania britânica, lutador clandestino conhecido V trama plano derrubá-la ajuda jovem mulher.;239;2
...E o Vento Levou;160. Gone with the Wind;1939;8.2;Drama;Uma mulher manipuladora e uma truhan embarcam em um romance turbulento durante a Guerra Civil Americana e o período da Reconstrução.;Uma mulher manipuladora truhan embarcam romance turbulento durante Guerra Civil Americana período Reconstrução.;0;4
Touro Indomável;161. Raging Bull;1980;8.1;Biografia;A vida do boxeador Jake LaMotta, que vê como a violência e temperamento que o levam ao topo do ringue, destroem sua vida fora dele.;A vida boxeador Jake LaMotta, vê violência temperamento levam topo ringue, destroem vida dele.;226;4
Disque M para Matar;162. Dial M for Murder;1954;8.2;Policial;Um ex-tenista decide matar a esposa para herdar o dinheiro dela e se vingar de um caso que ela havia tido. A fim de se livrar de culpas, usa um antigo colega de faculdade. Mas as coisas não vão correr como estava planeado.;Um ex-tenista decide matar esposa herdar dinheiro vingar caso havia tido. A fim livrar culpas, usa antigo colega faculdade. Mas coisas vão correr planeado.;68;3
O Castelo Animado;163. Howl's Moving Castle;2004;8.2;Animação;Uma jovem sem autoconfiança é amaldiçoada com um corpo envelhecido por uma bruxa odiosa. Sua única chance de quebrar o feitiço é um jovem feiticeiro em um castelo itinerante.;Uma jovem autoconfiança amaldiçoada corpo envelhecido bruxa odiosa. Sua única chance quebrar feitiço jovem feiticeiro castelo itinerante.;137;7
Jogos, Trapaças e Dois Canos Fumegantes;164. Lock, Stock and Two Smoking Barrels;1998;8.1;Ação;Um jogo de cartas em Londres desencadeia um confronto entre quatro amigos, plantadores de maconha, agiotas e cobradores de dívidas em uma série de eventos curiosos, tudo por algo de maria, dinheiro e duas pistolas antigas.;Um jogo cartas Londres desencadeia confronto quatro amigos, plantadores maconha, agiotas cobradores dívidas série eventos curiosos, tudo algo maria, dinheiro duas pistolas antigas.;109;3
O Segredo dos Seus Olhos;165. The Secret in Their Eyes;2009;8.2;Drama;Um assessor jurídico aposentado escreve um romance com a esperança de fechar um de seus antigos casos de homicídio, que permanece sem solução, e superar o amor não correspondido que sentia por seu chefe. Décadas depois, ambas as memórias continuam a persegui-lo.;Um assessor jurídico aposentado escreve romance esperança fechar antigos casos homicídio, permanece solução, superar amor correspondido sentia chefe. Décadas depois, ambas memórias continuam persegui-lo.;164;3
Divertida Mente;166. Inside Out;2015;8.1;Animação;Quando o jovem Riley se muda á San Francisco deberá lidiar com suas emoções.;Quando jovem Riley muda á San Francisco deberá lidiar emoções.;69;4
Os Suspeitos;167. Prisoners;2013;8.1;Policial;Quando a filha de Keller Dover e sua amiguinha desaparecem, ele decide investigar o caso por sua conta enquanto a polícia segue múltiplas pistas e a pressão para resolver o caso aumenta.;Quando filha Keller Dover amiguinha desaparecem, decide investigar caso conta enquanto polícia segue múltiplas pistas pressão resolver caso aumenta.;186;3
Três Anúncios para um Crime;168. Three Billboards Outside Ebbing, Missouri;2017;8.1;Comédia;Uma mãe desafia pessoalmente as autoridades locais para resolver o assassinato de sua filha.;Uma mãe desafia pessoalmente autoridades locais resolver assassinato filha.;230;7
A Ponte do Rio Kwai;169. The Bridge on the River Kwai;1957;8.1;Aventura;Depois de resolver suas diferenças com um japonês, o comandante do campo, um coronel britânico, coopera para supervisionar a construção de uma ponte ferroviária.;Depois resolver diferenças japonês, comandante campo, coronel britânico, coopera supervisionar construção ponte ferroviária.;18;1
Trainspotting: Sem Limites;170. Trainspotting;1996;8.1;Drama;Renton, profundamente imerso no mundo das drogas em Edimburgo, tenta sair do ambiente apesar da má influência dos amigos.;Renton, profundamente imerso mundo drogas Edimburgo, tenta sair ambiente apesar má influência amigos.;229;4
Fargo: Uma Comédia de Erros;171. Fargo;1996;8.1;Policial;O crime de Jerry Lundegaard se desfaz devido à falta de sorte dele e de seus colegas e ao persistente trabalho polícia.;O crime Jerry Lundegaard desfaz devido falta sorte colegas persistente trabalho polícia.;78;6
Guerreiro;172. Warrior;2011;8.1;Ação;O filho pequeno de um exboxer alcoólatra volta para casa, onde seu pai o treina para um torneio de artes marciais mistas.;O filho pequeno exboxer alcoólatra volta casa, onde pai treina torneio artes marciais mistas.;91;7
Gran Torino;173. Gran Torino;2008;8.1;Drama;Walt Kowalski, um ranzinza veterano da guerra da Coreia, tenta dar uma lição em seu vizinho quando este tentar roubar seu bem mais precioso: um Gran Torino de 1972.;Walt Kowalski, ranzinza veterano guerra Coreia, tenta dar lição vizinho tentar roubar bem precioso: Gran Torino 1972.;89;1
Prenda-me se for Capaz;174. Catch Me If You Can;2002;8.1;Biografia;Um agente do FBI persegue Frank Abagnale, que antes de seus 19 anos consegue ganhar milhões de dólares fingindo ser um piloto, um médico e um advogado.;Um agente FBI persegue Frank Abagnale, antes 19 anos consegue ganhar milhões dólares fingindo piloto, médico advogado.;192;4
Meu Amigo Totoro;175. My Neighbor Totoro;1988;8.1;Animação;Quando duas meninas se mudam para o campo para ficar perto de sua mãe doente, elas têm aventuras com os maravilhosos espíritos da floresta que moram nas proximidades.;Quando duas meninas mudam campo ficar perto mãe doente, têm aventuras maravilhosos espíritos floresta moram proximidades.;127;6
Menina de Ouro;176. Million Dollar Baby;2004;8.1;Drama;Uma mulher determinada se prepara para se tornar numa pugilista profissional.;Uma mulher determinada prepara tornar pugilista profissional.;125;8
Klaus;177. Klaus;2019;8.2;Animação;Um simples ato de bondade sempre provoca outro, mesmo em um lugar gelado e distante. Quando o novo carteiro de Smeerensburg faz amizade com o fabricante de brinquedos Klaus, seus presentes derreteram uma antiga inimizade.;Um simples ato bondade sempre provoca outro, lugar gelado distante. Quando novo carteiro Smeerensburg faz amizade fabricante brinquedos Klaus, presentes derreteram antiga inimizade.;113;3
Filhos do Paraíso;178. Children of Heaven;1997;8.2;Drama;Depois que uma criança perde o par de sapatos de sua irmã, ele embarca em uma série de aventuras para encontrá-los. Quando não consegue, ele tenta uma nova maneira de procurá-los.;Depois criança perde par sapatos irmã, embarca série aventuras encontrá-los. Quando consegue, tenta nova maneira procurá-los.;80;4
Harry Potter e as Relíquias da Morte - Parte 2;179. Harry Potter and the Deathly Hallows: Part 2;2011;8.1;Aventura;Harry, Ron e Hermione devem escapar a Voldemort e tentar trabalhar em conjunto para localizar e aniquilar os Horcruxes, que contêm pedaços da alma de Voldemort.;Harry, Ron Hermione devem escapar Voldemort tentar trabalhar conjunto localizar aniquilar Horcruxes, contêm pedaços alma Voldemort.;95;4
Blade Runner: O Caçador de Androides;180. Blade Runner;1982;8.1;Ação;Um corredor deberá perseguir é acabar com quatro replicantes que roubaram uma nave no espaço, e deberá regresar á Terra e encontrar seu criador.;Um corredor deberá perseguir acabar quatro replicantes roubaram nave espaço, deberá regresar á Terra encontrar criador.;47;3
12 Anos de Escravidão;181. 12 Years a Slave;2013;8.1;Biografia;Solomon Northup, um homem preto livre de Nova Iorque, é raptado e vendido como escravo.;Solomon Northup, homem preto livre Nova Iorque, raptado vendido escravo.;1;2
Antes do Amanhecer;182. Before Sunrise;1995;8.1;Drama;Um jovem e uma mulher se conhecem num trem em Europa é passam uma noite juntos em Viena.;Um jovem mulher conhecem trem Europa passam noite juntos Viena.;32;0
Em Busca do Ouro;183. The Gold Rush;1925;8.1;Aventura;Um garimpeiro vai ao Klondike em busca de ouro e encontra muito mais que isso.;Um garimpeiro vai Klondike busca ouro encontra isso.;73;6
O Grande Hotel Budapeste;184. The Grand Budapest Hotel;2014;8.1;Aventura;As aventuras de Gustave H, um lendário porteiro dum famoso hotel da ficcional República de Zubrowka entre a primeira y a segunda guerra mundial.;As aventuras Gustave H, lendário porteiro dum famoso hotel ficcional República Zubrowka primeira y segunda guerra mundial.;147;1
Ben-Hur;185. Ben-Hur;1959;8.1;Aventura;Quando um príncipe de Jerusalém é traído e enviado à escravidão por um amigo romano, ele recupera sua liberdade e retorna para se vingar.;Quando príncipe Jerusalém traído enviado escravidão amigo romano, recupera liberdade retorna vingar.;46;8
Garota Exemplar;186. Gone Girl;2014;8.1;Drama;Desde que o desaparecimento de sua esposa se tornou o foco de um intenso circo da mídia, um homem vê como esta se concentra nele quando suspeitam que pode não ser inocente.;Desde desaparecimento esposa tornou foco intenso circo mídia, homem vê concentra nele suspeitam pode inocente.;85;2
Sindicato de Ladrões;187. On the Waterfront;1954;8.1;Policial;Um ex-lutador que virou lutador enfrenta seus chefes corruptos.;Um ex-lutador virou lutador enfrenta chefes corruptos.;215;6
Barry Lyndon;188. Barry Lyndon;1975;8.1;Aventura;Um irlandês conquista o coração de uma viúva rica e assume a posição aristocrática de seu falecido marido na Inglaterra do século XVIII.;Um irlandês conquista coração viúva rica assume posição aristocrática falecido marido Inglaterra século XVIII.;40;1
Até o Último Homem;189. Hacksaw Ridge;2016;8.1;Biografia;O médico amaericano da Segunda Guerra Mundial, Desmond T. Doss, se recusa a matar pessoas e se torna o primeiro homem na história dos Estados Unidos a receber a Medalha de Honra sem atirar um tiro.;O médico amaericano Segunda Guerra Mundial, Desmond T. Doss, recusa matar pessoas torna primeiro homem história Estados Unidos receber Medalha Honra atirar tiro.;37;2
Em Nome do Pai;190. In the Name of the Father;1993;8.1;Biografia;Em 1974, uma explosão a bomba acontece em Guilford, próximo de Londres. Gerry Conlon e amigos são acusados pelo crime e presos. Giuseppe Conlon, pai de Gerry, pede ajuda à advogada Gareth Peirce, que investiga as irregularidades do caso.;Em 1974, explosão bomba acontece Guilford, próximo Londres. Gerry Conlon amigos acusados crime presos. Giuseppe Conlon, pai Gerry, pede ajuda advogada Gareth Peirce, investiga irregularidades caso.;74;4
A General;191. The General;1926;8.1;Ação;Uns espiões roubam a amada locomotiva de um engenheiro, ele a persegue sozinho através das linhas inimigas.;Uns espiões roubam amada locomotiva engenheiro, persegue sozinho através linhas inimigas.;11;7
O Franco Atirador;192. The Deer Hunter;1978;8.1;Drama;Um retrato detalhado das maneiras pelas quais a Guerra do Vietnã interrompeu a vida dos habitantes de uma pequena cidade industrial na Pensilvânia.;Um retrato detalhado maneiras quais Guerra Vietnã interrompeu vida habitantes pequena cidade industrial Pensilvânia.;143;7
Morangos Silvestres;193. Wild Strawberries;1957;8.1;Drama;Depois de viver uma vida marcada pela frieza, um professor idoso é forçado a confrontar o vazio de sua existência.;Depois viver vida marcada frieza, professor idoso forçado confrontar vazio existência.;132;8
Memórias de um Assassino;194. Memories of Murder;2003;8.1;Policial;Em uma pequena província coreana em 1986, três detetives estão procurando o culpado de uma série de estupros e assassinatos de mulheres jovens.;Em pequena província coreana 1986, três detetives procurando culpado série estupros assassinatos mulheres jovens.;124;8
O 3º Homem;195. The Third Man;1949;8.1;Filme noir;O romancista Holly Martins viaja para sombria, Viena pós-guerra, apenas para ele mesmo investigar a misteriosa morte de um velho amigo, Harry Lime;O romancista Holly Martins viaja sombria, Viena pós-guerra, apenas investigar misteriosa morte velho amigo, Harry Lime;135;6
O Salário do Medo;196. The Wages of Fear;1953;8.2;Aventura;Em uma aldeia da América do Sul, quatro homens são contratados para transportar uma remessa urgente de nitroglicerina, mas sem o equipamento de segurança.;Em aldeia América Sul, quatro homens contratados transportar remessa urgente nitroglicerina, equipamento segurança.;163;7
Relatos Selvagens;197. Wild Tales;2014;8.1;Comédia;Sies historias curtas que exploram o comportamento humano de pessoas desesperadas.;Sies historias curtas exploram comportamento humano pessoas desesperadas.;205;2
Bancando o Águia;198. Sherlock Jr.;1924;8.2;Ação;Um projecionista de cinema deseja ser um detetive e coloca suas magras habilidades em prática quando um rival o incrimina por roubar o relógio de bolso do pai de sua namorada.;Um projecionista cinema deseja detetive coloca magras habilidades prática rival incrimina roubar relógio bolso pai namorada.;38;4
Mad Max: Estrada da Fúria;199. Mad Max: Fury Road;2015;8.1;Ação;Num mundo apocalíptico, uma mulher se rebela contra um tirano ao procurar uma nova casa para um grupo de mulheres prisioneiras com a ajuda dum homem chamado Max.;Num mundo apocalíptico, mulher rebela contra tirano procurar nova casa grupo mulheres prisioneiras ajuda dum homem chamado Max.;121;1
A Mulher Faz o Homem;200. Mr. Smith Goes to Washington;1939;8.1;Comédia;Um homem ingênuo é eleito para ocupar uma vaga no Senado dos Estados Unidos. Seus planos colidem rapidamente com a corrupção política, mas ele não desiste.;Um homem ingênuo eleito ocupar vaga Senado Estados Unidos. Seus planos colidem rapidamente corrupção política, desiste.;14;3
Sociedade dos Poetas Mortos;201. Dead Poets Society;1989;8.1;Comédia;O professor de Inglés John Keating inspira a seus estudantes a ver a poesia duma perspectiva diferente.;O professor Inglés John Keating inspira estudantes ver poesia duma perspectiva diferente.;217;4
Monstros S.A.;202. Monsters, Inc.;2001;8.1;Animação;Para poder dar electricidade a sua cidade, os monstros tem que assustar a crianças. Pensando que as crianças são perigosas para eles, dois monstros acham que as coisas podem ser diferentes.;Para poder dar electricidade cidade, monstros assustar crianças. Pensando crianças perigosas eles, dois monstros acham coisas podem diferentes.;130;3
Como Treinar o Seu Dragão;203. How to Train Your Dragon;2010;8.1;Animação;Um jovem e desafortunado viking que aspira a caçar dragões se torna o improvável amigo de um jovem dragão, e descobre que pode haver mais nas criaturas do que ele supunha.;Um jovem desafortunado viking aspira caçar dragões torna improvável amigo jovem dragão, descobre pode criaturas supunha.;59;7
Mary e Max: Uma Amizade Diferente;204. Mary and Max;2009;8.1;Animação;Relata a estranha história de uma amizade entre dois amigos por correspondência: Mary, uma garota solitária de oito anos que vive nos subúrbios de Melbourne, e Max, um homem obeso de quarenta e quatro anos que vive em Nova York.;Relata estranha história amizade dois amigos correspondência: Mary, garota solitária oito anos vive subúrbios Melbourne, Max, homem obeso quarenta quatro anos vive Nova York.;122;2
Tubarão;205. Jaws;1975;8.1;Aventura;Quando um tubarão desencadea caos numa praia, um xerife, um biologista e um marinheiro daram caça ao animal.;Quando tubarão desencadea caos praia, xerife, biologista marinheiro daram caça animal.;232;7
O Sétimo Selo;206. The Seventh Seal;1957;8.1;Drama;Um homem procura respostas sobre a vida, a morte e a existência de Deus enquanto joga xadrez contra a morte durante a Morte Negra.;Um homem procura respostas sobre vida, morte existência Deus enquanto joga xadrez contra morte durante Morte Negra.;172;3
O Quarto de Jack;207. Room;2015;8.1;Drama;Um menino é mantido preso em um quarto com sua mãe desde seu nascimento, por isso sua visão do mundo é muito reduzida.;Um menino mantido preso quarto mãe desde nascimento, visão mundo reduzida.;160;3
O Grande Lebowski;208. The Big Lebowski;1998;8.1;Comédia;Jeff The Dude Lebowski, foi confundido por um millonário do mesmo nome e procurará restituçao com a ajuda do seus amigos.;Jeff The Dude Lebowski, confundido millonário nome procurará restituçao ajuda amigos.;148;4
Era uma Vez em Tóquio;209. Tokyo Story;1953;8.1;Drama;Um casal de idosos visita seus filhos e netos na cidade, mas recebe pouca atenção.;Um casal idosos visita filhos netos cidade, recebe pouca atenção.;75;7
Ford vs Ferrari;210. Ford v Ferrari;2019;8.1;Ação;Um designer de carros e um motorista combatem a interferência corporativa, as leis da física e seus próprios demônios pessoais para construir um carro de corrida revolucionário para a Ford e desafiar a Ferrari nas 24 Horas de Le Mans em 1966.;Um designer carros motorista combatem interferência corporativa, leis física próprios demônios pessoais construir carro corrida revolucionário Ford desafiar Ferrari 24 Horas Le Mans 1966.;82;1
Ratatouille;211. Ratatouille;2007;8.1;Animação;Um rato que pode cozinhar forja uma aliança incomum com um jovem garoto em um famoso restaurante em Paris.;Um rato pode cozinhar forja aliança incomum jovem garoto famoso restaurante Paris.;201;7
Hotel Ruanda;212. Hotel Rwanda;2004;8.1;Biografia;Paul Rusesabagina era o gerente de um hotel que abrigava mais de mil refugiados tutsis durante sua luta contra a milícia hutu em Ruanda.;Paul Rusesabagina gerente hotel abrigava mil refugiados tutsis durante luta contra milícia hutu Ruanda.;100;5
O Martírio de Joana D'Arc;213. The Passion of Joan of Arc;1928;8.2;Biografia;Em 1431, Joana D'Arc é julgada sob acusações de heresia. Os advogados da Igreja tentam forçar Jeanne a retractar suas reivindicações de visões sagradas.;Em 1431, Joana D'Arc julgada sob acusações heresia. Os advogados Igreja tentam forçar Jeanne retractar reivindicações visões sagradas.;154;7
Rocky: Um Lutador;214. Rocky;1976;8.1;Drama;Um boxer pouco conhecido tem uma grande oportunidade de enfrentar o campeão dos pesos pesados em uma partida em que ele esperaele espera estar à altura da tarefa e divulgar seu nome.;Um boxer pouco conhecido grande oportunidade enfrentar campeão pesos pesados partida esperaele espera altura tarefa divulgar nome.;206;6
Logan;215. Logan;2017;8.1;Ação;Em um futuro em que os mutantes estão quase extintos, um velho e cansado Logan leva uma vida tranquila. Mas quando Laura, uma garota mutante perseguida por cientistas, pede ajuda a ele, ele deve colocá-la em segurança.;Em futuro mutantes quase extintos, velho cansado Logan leva vida tranquila. Mas Laura, garota mutante perseguida cientistas, pede ajuda ele, deve colocá-la segurança.;117;3
Platoon;216. Platoon;1986;8.1;Drama;Um jovem soldado do Vietnã se confronta com uma crisis moral frete aos horrores da guerra.;Um jovem soldado Vietnã confronta crisis moral frete horrores guerra.;190;7
Spotlight: Segredos Revelados;217. Spotlight;2015;8.1;Biografia;A verdadeira historia de como o jornal Boston Globe revelou o escândalo de abuso sexual infantil dentro da igreja católica da cidade e que agitou a toda igreja católica no mundo.;A verdadeira historia jornal Boston Globe revelou escândalo abuso sexual infantil dentro igreja católica cidade agitou toda igreja católica mundo.;218;1
O Exterminador do Futuro;218. The Terminator;1984;8.1;Ação;Um indestrutível robô é enviado de 2029 a 1984 para assassinar a uma jovem garçonete que vai ter um filho que vai liderar uma guerra contra máquinas maa um soldado humano também é enviado para protege-lha.;Um indestrutível robô enviado 2029 1984 assassinar jovem garçonete vai ter filho vai liderar guerra contra máquinas maa soldado humano enviado protege-lha.;140;6
Jai Bhim;219. Jai Bhim;2021;8.8;Policial;Quando um homem tribal é preso por um caso de suposto roubo, sua esposa recorre a um advogado de direitos humanos para ajudá-lo a fazer justiça.;Quando homem tribal preso caso suposto roubo, esposa recorre advogado direitos humanos ajudá-lo fazer justiça.;107;8
Antes do Pôr do Sol;220. Before Sunset;2004;8.1;Drama;Nove anos depois de se conhecer, o Jesse e a Celine se encontram novamente na França.;Nove anos conhecer, Jesse Celine encontram novamente França.;33;4
Rush: No Limite da Emoção;221. Rush;2013;8.1;Ação;A história da rivalidade impiedosa nos anos 70 entre os rivais de Fórmula 1 James Hunt e Niki Lauda.;A história rivalidade impiedosa anos 70 rivais Fórmula 1 James Hunt Niki Lauda.;207;5
Rede de Intrigas;222. Network;1976;8.1;Drama;Uma rede de televisão explora os delírios e revelações de um homem perturbado.;Uma rede televisão explora delírios revelações homem perturbado.;204;7
Conta Comigo;223. Stand by Me;1986;8.1;Aventura;Depois da morte de um de seus velhos amigos, um escritor relembra sua viagem com os amigos de infância para encontrar o corpo de um menino desaparecido.;Depois morte velhos amigos, escritor relembra viagem amigos infância encontrar corpo menino desaparecido.;60;3
Os Melhores Anos de Nossa Vida;224. The Best Years of Our Lives;1946;8.1;Drama;Três veteranos da Segunda Guerra Mundial voltam para casa na cidade pequena da América para descobrir que eles e suas famílias foram mudados irreparavelmente.;Três veteranos Segunda Guerra Mundial voltam casa cidade pequena América descobrir famílias mudados irreparavelmente.;184;8
O Mágico de Oz;225. The Wizard of Oz;1939;8.1;Aventura;A Dorothy Gale é levada por um tornado até a mágica cidade de Oz e vá numa viagem com novos amigos que la ajudar a voltar para casa.;A Dorothy Gale levada tornado mágica cidade Oz vá viagem novos amigos la ajudar voltar casa.;155;4
Na Natureza Selvagem;226. Into the Wild;2007;8.1;Aventura;Depois de terminar a universidade, Christopher McCandless deixa pra trás suas posses e vai para o Alasca viver na natureza.;Depois terminar universidade, Christopher McCandless deixa pra trás posses vai Alasca viver natureza.;133;2
O Ódio;227. La haine;1995;8.1;Policial;24 horas na vida de três jovens nos subúrbios franceses no dia seguinte a uma rebelião violenta.;24 horas vida três jovens subúrbios franceses dia seguinte rebelião violenta.;174;6
O Exorcista;228. The Exorcist;1973;8.1;Terror;Quando uma adolescente é possuída por uma entidade misteriosa, sua mãe busca a ajuda de um padre, que também é um psiquiatra, para salvar sua filha.;Quando adolescente possuída entidade misteriosa, mãe busca ajuda padre, psiquiatra, salvar filha.;139;2
Os Incríveis;229. The Incredibles;2004;8.0;Animação;Uma familia de heróis encobertos tentando viver uma vida tranquila se vem obrigados a salvar o mundo.;Uma familia heróis encobertos tentando viver vida tranquila vem obrigados salvar mundo.;182;8
Piratas do Caribe: A Maldição do Pérola Negra;230. Pirates of the Caribbean: The Curse of the Black Pearl;2003;8.1;Ação;O ferreiro Will Turner se junta ao capitão Jack Sparrow para salvar seu amor, a filha do governador, dos ex-aliados piratas de Jack, que agora estão vivos.;O ferreiro Will Turner junta capitão Jack Sparrow salvar amor, filha governador, ex-aliados piratas Jack, agora vivos.;189;1
Ser ou Não Ser;231. To Be or Not to Be;1942;8.2;Comédia;Durante a ocupação nazista da Polônia, uma trupe de atuação se envolve nos esforços de um soldado polonês para rastrear um espião alemão.;Durante ocupação nazista Polônia, trupe atuação envolve esforços soldado polonês rastrear espião alemão.;213;2
Feitiço do Tempo;232. Groundhog Day;1993;8.0;Comédia;Um homem vive o mesmo dia uma e outra vez.;Um homem vive dia outra vez.;79;3
Meu Pai e Meu Filho;233. My Father and My Son;2005;8.2;Drama;A família de um jornalista de esquerda é separada após o golpe militar na Turquia em 1980.;A família jornalista esquerda separada após golpe militar Turquia 1980.;129;4
As Vinhas da Ira;234. The Grapes of Wrath;1940;8.1;Drama;Uma família pobre no Centro-Oeste é forçada a abandonar suas terras. Eles viajam para a Califórnia, sofrendo os infortúnios dos sem-teto na Grande Depressão.;Uma família pobre Centro-Oeste forçada abandonar terras. Eles viajam Califórnia, sofrendo infortúnios sem-teto Grande Depressão.;36;7
Sempre ao Seu Lado;235. Hachi: A Dog's Tale;2009;8.1;Biografia;Um professor universitário se liga a um cachorro abandonado que ele leva para casa.;Um professor universitário liga cachorro abandonado leva casa.;212;1
A Batalha de Argel;236. The Battle of Algiers;1966;8.1;Drama;Nos anos 50, o medo e a violência aumentam à medida que o povo de Argel lutava pela independência do governo francês.;Nos anos 50, medo violência aumentam medida povo Argel lutava independência governo francês.;6;4
A Criada;237. The Handmaiden;2016;8.1;Drama;Uma mulher é contratada como criada de uma herdeira japonesa, mas secretamente esta envolvida em um plano para defraudá-la.;Uma mulher contratada criada herdeira japonesa, secretamente envolvida plano defraudá-la.;9;3
Amores Brutos;238. Amores Perros;2000;8.1;Drama;Um terrível acidente de carro conecta três histórias, cada uma envolvendo personagens que lidam com a perda, o arrependimento e as duras realidades da vida, tudo em nome do amor.;Um terrível acidente carro conecta três histórias, cada envolvendo personagens lidam perda, arrependimento duras realidades vida, tudo nome amor.;31;8
A Canção da Estrada;239. Pather Panchali;1955;8.2;Drama;O padre Harihar Ray, sonhando com uma vida melhor para si e sua família, deixa sua aldeia rural de Bengala em busca de trabalho.;O padre Harihar Ray, sonhando vida melhor si família, deixa aldeia rural Bengala busca trabalho.;7;7
Rebecca, a Mulher Inesquecível;240. Rebecca;1940;8.1;Drama;Uma mulher autoconsciente faz malabarismos para se ajustar a seu novo papel de esposa de um aristocrata e evitar ser intimidada pela presença espectral de sua primeira esposa.;Uma mulher autoconsciente faz malabarismos ajustar novo papel esposa aristocrata evitar intimidada presença espectral primeira esposa.;202;2
Rebeldia Indomável;241. Cool Hand Luke;1967;8.1;Policial;Um sulista quieto é condenado a dois anos em uma prisão rural, mas se recusa a obedecer.;Um sulista quieto condenado dois anos prisão rural, recusa obedecer.;203;3
A Noviça Rebelde;242. The Sound of Music;1965;8.1;Biografia;Uma mulher deixa um convento austríaco para se tornar a instrutora dos filhos de um oficial da marinha viúvo.;Uma mulher deixa convento austríaco tornar instrutora filhos oficial marinha viúvo.;15;7
Aconteceu Naquela Noite;243. It Happened One Night;1934;8.1;Comédia;Uma herdeira mimada que foge de sua família é ajudada por um homem que na verdade é um repórter que precisa de uma história.;Uma herdeira mimada foge família ajudada homem verdade repórter precisa história.;25;7
Os Incompreendidos;244. The 400 Blows;1959;8.1;Policial;Uma criança, sem atenção, entra em uma vida de pequenos crimes.;Uma criança, atenção, entra vida pequenos crimes.;181;2
O Gigante de Ferro;245. The Iron Giant;1999;8.1;Animação;Um jovem faz amizade com um robô gigante do espaço, um paranóico agente do governo quer que seja destruído.;Um jovem faz amizade robô gigante espaço, paranóico agente governo quer destruído.;145;3
Histórias Cruzadas;246. The Help;2011;8.1;Drama;Uma aspirante a escritora durante o movimento dos direitos civis nos anos 60 nos Estados Unidos decide escrever um livro sobre as experiências das criadas negras que trabalhavam para as famílias brancas.;Uma aspirante escritora durante movimento direitos civis anos 60 Estados Unidos decide escrever livro sobre experiências criadas negras trabalhavam famílias brancas.;96;3
Quando Duas Mulheres Pecam;247. Persona;1966;8.1;Drama;Uma enfermeira é encarregada de uma atriz silenciosa e descobre que sua personalidade parece convergir em uma.;Uma enfermeira encarregada atriz silenciosa descobre personalidade parece convergir uma.;197;8
A Vida de Brian;248. Life of Brian;1979;8.0;Comédia;Nascido no Natal original no estábulo ao lado de Jesus, Brian de Nazaret passa a vida confundido com um messias.;Nascido Natal original estábulo lado Jesus, Brian Nazaret passa vida confundido messias.;22;4
Aladdin;249. Aladdin;1992;8.0;Animação;Um menino de rua bondoso e um Vizir competem por uma lâmpada mágica que tem o poder de realizar seus mais profundos desejos.;Um menino rua bondoso Vizir competem lâmpada mágica poder realizar profundos desejos.;26;3
As Diabólicas;250. Diabolique;1955;8.1;Policial;A esposa e a amante de um diretor de escola detestável planejam assassiná-lo com o que elas acham ser o plano perfeito.;A esposa amante diretor escola detestável planejam assassiná-lo acham plano perfeito.;35;8
